Participant,Phase,StressSelf10,StressPred_cont,StressLevel10,meanHR_MyDev,SDNN_MyDev,RMSSD_MyDev,pNN50_MyDev,EDAmean_MyDev,EDAslope_MyDev,dHR,dSDNN,dRMSSD,dpNN50,dEDAmean,dEDAslope,TraitStress_z
2,Arithmetic,9,6.06853948823378,6,82.7973992197677,42.1920055225963,2.49788035119008,0.054188793757451,1.63675475764769,0.00128133053492409,4.0365309635059,-37.5505175538296,-1.9786948185322,-0.054205762427061,0.770782700726697,0.00183573073438213,-1.15953102378589
2,Cold Press,7,6.37550812822075,6,84.1653429602887,50.1387441602467,2.0493939575033,0.0602046959662854,2.51198411789385,0.00824847315847852,5.4044747040269,-29.6037789161792,-2.42718121221898,-0.0481898602182266,1.64601206097286,0.00880287335793656,-1.15953102378589
2,Prep TSST,NaN,5.68894905265894,6,86.7371755805418,66.4260642275745,3.47011809881905,0.115594787725935,1.07441663584892,0.00214602401525413,7.97630732428,-13.3164588488514,-1.00645707090323,0.00720023154142299,0.208444578927927,0.00270042421471217,-1.15953102378589
2,Relax 1,2,4.80619192144882,5,78.7608682562618,79.7425230764259,4.47657516972228,0.108394556184512,0.865972056920993,-0.000554400199458038,0,0,0,0,0,0,-1.15953102378589
2,Relax 2,NaN,4.87831213034132,5,81.0925162929438,128.323397666376,4.52374863969517,0.110472823685373,1.81658724939314,0.00146163341144794,2.331648036682,48.5808745899501,0.0471734699728898,0.002078267500861,0.950615192472147,0.00201603361090598,-1.15953102378589
2,Relax 3,NaN,5.4382115431075,5,79.1499726865516,81.3803053036577,3.37419132627769,0.0655594405594406,2.61136348688741,-0.0020530434910228,0.389104430289805,1.63778222723181,-1.10238384344459,-0.0428351156250714,1.74539142996642,-0.00149864329156476,-1.15953102378589
2,Relax 4,NaN,5.34081720549017,5,86.5363387000586,104.638602435766,4.09208777198792,0.0715648854961832,2.34279918202924,-0.00252615602079553,7.77547044379679,24.8960793593401,-0.38448739773436,-0.0368296706883288,1.47682712510825,-0.00197175582133749,-1.15953102378589
2,Stroop,5,6.18870943411217,6,98.5302398989905,61.4168308776649,3.44407063263197,0.0631512472371329,2.51510339720821,0.0107219083864382,19.7693716427287,-18.325692198761,-1.03250453709031,-0.0452433089473791,1.64913134028722,0.0112763085858962,-1.15953102378589
2,TSST Speech,7,6.5949877128012,7,92.9901473624237,53.079307152016,2.2962786342543,0.0569557169300869,1.52714885291976,-0.000687845778752748,14.2292791061619,-26.6632159244099,-2.18029653546798,-0.0514388392544251,0.661176795998767,-0.00013344557929471,-1.15953102378589
